{
  "experiment_info": {
    "dataset": "CEFR-SP",
    "n_samples": 10004,
    "n_features": 41,
    "n_folds": 5,
    "seed": 42,
    "elapsed_seconds": 1064.0451908111572,
    "gpu": "NVIDIA RTX A6000"
  },
  "feature_models": {
    "Full_LogReg": {
      "macro_f1": "0.3902 +/- 0.0051",
      "accuracy": "0.4492 +/- 0.0072",
      "adjacent_acc": "0.8971",
      "kappa": "0.6784",
      "macro_f1_mean": 0.3902496274167202,
      "macro_f1_std": 0.005144028014528718,
      "accuracy_mean": 0.4492210394802599
    },
    "Full_RandomForest": {
      "macro_f1": "0.4358 +/- 0.0169",
      "accuracy": "0.5335 +/- 0.0038",
      "adjacent_acc": "0.9607",
      "kappa": "0.6906",
      "macro_f1_mean": 0.4358253195999822,
      "macro_f1_std": 0.01688725649926155,
      "accuracy_mean": 0.5334863068465767
    },
    "Full_XGBoost": {
      "macro_f1": "0.4347 +/- 0.0181",
      "accuracy": "0.5387 +/- 0.0105",
      "adjacent_acc": "0.9627",
      "kappa": "0.6849",
      "macro_f1_mean": 0.43472471865880963,
      "macro_f1_std": 0.018122985554905477,
      "accuracy_mean": 0.5386835582208895
    },
    "Majority": {
      "macro_f1_mean": 0.08324583958138017
    },
    "ablation": {
      "Only_readability": {
        "macro_f1_mean": 0.37974996367485553,
        "macro_f1_std": 0.01094346379943067,
        "n_features": 7
      },
      "Only_lexical": {
        "macro_f1_mean": 0.39444618237759793,
        "macro_f1_std": 0.007309646815428955,
        "n_features": 11
      },
      "Only_syntactic": {
        "macro_f1_mean": 0.34964542158579226,
        "macro_f1_std": 0.014747695307275486,
        "n_features": 16
      },
      "Only_surprisal": {
        "macro_f1_mean": 0.26744829770951234,
        "macro_f1_std": 0.009953542435942611,
        "n_features": 7
      },
      "Without_readability": {
        "macro_f1_mean": 0.43358593222800473,
        "drop_from_full": 0.0011387864308048945
      },
      "Without_lexical": {
        "macro_f1_mean": 0.421962374434343,
        "drop_from_full": 0.012762344224466649
      },
      "Without_syntactic": {
        "macro_f1_mean": 0.4347054756325681,
        "drop_from_full": 1.9243026241511085e-05
      },
      "Without_surprisal": {
        "macro_f1_mean": 0.41158387980175704,
        "drop_from_full": 0.023140838857052592
      }
    }
  },
  "bert": {
    "macro_f1": "0.5242 +/- 0.0425",
    "accuracy": "0.6440 +/- 0.0109",
    "adjacent_acc": "0.9932",
    "kappa": "0.8135",
    "macro_f1_mean": 0.5242360082194881,
    "macro_f1_std": 0.04251851276776449,
    "accuracy_mean": 0.6440417791104448,
    "per_class_f1_avg": {
      "A1": 0.16666666666666666,
      "A2": 0.6372407869063339,
      "B1": 0.6599181303911719,
      "B2": 0.6495007849934861,
      "C1": 0.646851585121175,
      "C2": 0.38523809523809527
    }
  },
  "ablation": {
    "Only_readability": {
      "macro_f1_mean": 0.37974996367485553,
      "macro_f1_std": 0.01094346379943067,
      "n_features": 7
    },
    "Only_lexical": {
      "macro_f1_mean": 0.39444618237759793,
      "macro_f1_std": 0.007309646815428955,
      "n_features": 11
    },
    "Only_syntactic": {
      "macro_f1_mean": 0.34964542158579226,
      "macro_f1_std": 0.014747695307275486,
      "n_features": 16
    },
    "Only_surprisal": {
      "macro_f1_mean": 0.26744829770951234,
      "macro_f1_std": 0.009953542435942611,
      "n_features": 7
    },
    "Without_readability": {
      "macro_f1_mean": 0.43358593222800473,
      "drop_from_full": 0.0011387864308048945
    },
    "Without_lexical": {
      "macro_f1_mean": 0.421962374434343,
      "drop_from_full": 0.012762344224466649
    },
    "Without_syntactic": {
      "macro_f1_mean": 0.4347054756325681,
      "drop_from_full": 1.9243026241511085e-05
    },
    "Without_surprisal": {
      "macro_f1_mean": 0.41158387980175704,
      "drop_from_full": 0.023140838857052592
    }
  },
  "diagnostics": {
    "probing_r2": "0.6010 +/- 0.0236",
    "probing_r2_mean": 0.601037240055467,
    "group_probing_r2": {
      "readability": 0.5456514896513596,
      "lexical": 0.5444468640253415,
      "syntactic": 0.4294345801880393,
      "surprisal": 0.2862677529497933
    },
    "agreement": {
      "both_correct_pct": 40.4438224710116,
      "xgb_only_pct": 13.424630147940825,
      "bert_only_pct": 23.960415833666534,
      "both_wrong_pct": 22.171131547381048
    },
    "bert_advantage_by_level": {
      "A1": {
        "xgb_acc": 0.1774193548387097,
        "bert_acc": 0.11290322580645161,
        "bert_advantage": -0.06451612903225808,
        "n_samples": 124
      },
      "A2": {
        "xgb_acc": 0.4854445318646735,
        "bert_acc": 0.7065302911093627,
        "bert_advantage": 0.2210857592446892,
        "n_samples": 1271
      },
      "B1": {
        "xgb_acc": 0.6069591527987898,
        "bert_acc": 0.670196671709531,
        "bert_advantage": 0.06323751891074125,
        "n_samples": 3305
      },
      "B2": {
        "xgb_acc": 0.606906906906907,
        "bert_acc": 0.6495495495495496,
        "bert_advantage": 0.042642642642642614,
        "n_samples": 3330
      },
      "C1": {
        "xgb_acc": 0.3973623853211009,
        "bert_acc": 0.6186926605504587,
        "bert_advantage": 0.22133027522935778,
        "n_samples": 1744
      },
      "C2": {
        "xgb_acc": 0.13043478260869565,
        "bert_acc": 0.3217391304347826,
        "bert_advantage": 0.19130434782608693,
        "n_samples": 230
      }
    },
    "top_probing_features": [
      {
        "feature": "n_types",
        "ridge_coef_abs": 0.4902575716931745
      },
      {
        "feature": "guiraud_index",
        "ridge_coef_abs": 0.46533170354961273
      },
      {
        "feature": "max_sent_length",
        "ridge_coef_abs": 0.3036675898715649
      },
      {
        "feature": "gunning_fog",
        "ridge_coef_abs": 0.25911941688439377
      },
      {
        "feature": "flesch_reading_ease",
        "ridge_coef_abs": 0.25000325894459846
      },
      {
        "feature": "mean_syllables",
        "ridge_coef_abs": 0.2096600973803157
      },
      {
        "feature": "prop_noun",
        "ridge_coef_abs": 0.1331163831041348
      },
      {
        "feature": "std_word_length",
        "ridge_coef_abs": 0.1329611428706474
      },
      {
        "feature": "subclause_ratio",
        "ridge_coef_abs": 0.1303016097494406
      },
      {
        "feature": "mean_word_length",
        "ridge_coef_abs": 0.12210169685859176
      }
    ],
    "xgb_per_class_f1": {
      "A1": 0.2734533716409003,
      "A2": 0.5460028628913527,
      "B1": 0.5832984719738747,
      "B2": 0.5535349207802591,
      "C1": 0.44247794242627403,
      "C2": 0.20958074224019746
    },
    "bert_per_class_f1": {
      "A1": 0.16666666666666666,
      "A2": 0.6372407869063339,
      "B1": 0.6599181303911719,
      "B2": 0.6495007849934861,
      "C1": 0.646851585121175,
      "C2": 0.38523809523809527
    },
    "xgb_mae": 0.49910035985605755,
    "bert_mae": 0.3627548980407837
  }
}